,Ind1,Ind2,Ind3,Ind4,Ind5,Ind6,Ind7,Ind8,Ind9,Ind10,Ind11,Ind12,Ind13,Ind14,Ind15,Ind16,Ind17,Ind18,Ind19,Ind20,Ind21,Ind22,Ind23,Ind24,Ind25,Ind26,Ind27,Ind28,Ind29,Ind30,Ind31,Ind32,Ind33,Ind34,Ind35,Ind36,Ind37,Ind38,Ind39,Ind40,Ind41,Ind42,Ind43,Ind44,Ind45,Ind46,Ind47,Ind48,Ind49,Ind50
SNP1,GG,GG,GG,GG,GG,GG,GG,GG,GG,GG,GG,GG,GG,GG,GG,GG,GG,GG,GG,GG,GG,GG,GG,GG,GG,GG,GG,GG,GG,GG,GG,GG,GG,GG,GG,GG,GG,GG,GG,GG,GG,GG,GG,GG,GG,GG,GG,GG,--,GG
SNP2,--,CC,--,CC,CC,CC,--,CC,--,--,--,--,--,--,--,--,--,--,--,--,--,--,--,--,--,--,--,--,--,--,--,--,--,--,--,--,--,--,--,--,--,--,--,--,--,--,--,--,GG,GG
SNP3,GG,AG,GG,AG,AG,AG,GG,AG,GG,GG,GG,GG,GG,GG,GG,GG,GG,GG,GG,GG,GG,GG,GG,GG,GG,GG,GG,GG,GG,GG,GG,GG,GG,GG,GG,GG,AG,GG,GG,GG,GG,GG,GG,GG,GG,GG,GG,GG,AA,AA
SNP4,CC,CC,CC,CC,CC,CC,CC,CC,CC,CC,CC,CC,CC,CC,CC,CC,CC,CC,CC,CC,CC,CC,CC,CC,CC,CC,CC,CC,CC,CC,CC,CC,CC,CC,CC,CC,CC,CC,CC,CC,CC,CC,CC,CC,CC,CC,CC,CC,--,GG
SNP5,GG,GG,GG,GG,GG,GG,GG,GG,GG,GG,GG,GG,GG,GG,GG,GG,GG,GG,GG,GG,GG,GG,GG,GG,GG,GG,GG,GG,GG,GG,GG,GG,GG,GG,GG,GG,GG,GG,GG,GG,GG,GG,GG,GG,GG,GG,GG,GG,--,AA
SNP6,--,AA,--,AA,AA,AA,--,AA,--,--,--,--,--,--,--,--,--,--,--,--,--,--,--,--,--,--,--,--,--,--,--,--,--,--,--,--,--,--,--,--,--,--,--,--,--,--,--,--,AA,AC
SNP7,AA,AA,AA,AA,AA,AA,AA,AA,AA,AA,AA,AA,AA,AA,AA,AA,AA,AA,AA,AA,AA,AA,AA,AA,AA,AA,AA,AA,AA,AA,AA,AA,AA,AA,AA,AA,AA,AA,AA,AA,AA,AA,AA,AA,AA,AA,AA,AA,CC,CC
SNP8,--,GG,--,GG,GG,GG,--,GG,--,--,--,--,--,--,--,--,--,--,--,--,--,--,--,--,--,--,--,--,--,--,--,--,--,--,--,--,--,--,--,--,--,--,--,--,--,--,--,--,AA,AA
SNP9,GG,GG,GG,GG,GG,GG,GG,GG,GG,GG,GG,GG,GG,GG,GG,GG,GG,GG,GG,GG,GG,GG,GG,GG,GG,GG,GG,GG,GG,GG,GG,GG,GG,GG,GG,GG,GG,GG,GG,GG,GG,GG,GG,GG,GG,GG,GG,GG,--,CC
SNP10,AA,AA,AA,AA,AA,AA,AA,AA,AA,AA,AA,AA,AA,AA,AA,AA,AA,AA,AA,AA,AA,AA,AA,AA,AA,AA,AA,AA,AA,AA,AA,AA,AA,AA,AA,AA,AA,AA,AA,AA,AA,AA,AA,AA,AA,AA,AA,AA,--,GG
SNP11,AA,AA,AA,AA,AA,AA,AA,AA,AA,AA,AA,AA,AA,AA,AA,AA,AA,AA,AA,AA,AA,AA,AA,AA,AA,AA,--,AA,AA,AA,AA,--,AA,AA,--,--,AA,AA,AA,AA,AA,AA,AA,AA,AA,AA,AA,AA,--,AA
SNP12,--,AA,--,AA,AA,AA,--,AA,--,--,AG,--,--,--,--,--,--,--,--,--,--,AG,AG,--,AG,--,AG,--,--,AG,AG,--,AG,AG,--,AG,--,--,--,--,--,--,--,--,--,AG,AG,--,--,GG
SNP13,AA,AA,AA,AA,AA,AA,AA,AA,AA,AA,AA,AA,AA,AA,AA,AA,AA,AA,AA,AA,AA,AA,AA,AA,AA,AA,--,AA,AA,AA,AA,--,--,AA,--,--,--,AA,AA,AA,AA,AA,AA,AA,AA,AA,AA,AA,--,CC
SNP14,GG,GG,GG,GG,GG,GG,GG,GG,GG,GG,GG,GG,GG,GG,GG,GG,GG,GG,GG,GG,GG,GG,GG,GG,--,--,GG,GG,GG,--,GG,GG,GG,GG,GG,GG,--,GG,GG,GG,GG,GG,GG,GG,GG,GG,GG,GG,AA,AC
SNP15,--,CC,--,CC,CC,CC,--,CC,--,--,--,--,--,--,--,--,--,--,--,--,--,--,--,--,--,--,--,--,--,--,--,--,--,--,--,--,--,--,--,--,--,--,--,--,--,--,--,--,AA,AA
SNP16,--,AA,--,AA,AA,AA,--,AA,--,--,--,--,--,--,--,AG,--,--,--,--,--,--,--,--,--,--,--,--,--,--,--,--,--,--,--,--,--,--,--,--,--,--,--,--,--,--,--,--,GG,AG
SNP17,GG,GG,GG,GG,GG,GG,GG,GG,GG,GG,GG,GG,GG,GG,GG,GG,GG,GG,GG,GG,GG,GG,GG,GG,GG,GG,GG,GG,GG,GG,GG,GG,GG,GG,GG,GG,GG,GG,GG,GG,GG,GG,GG,GG,GG,GG,GG,GG,--,AA
SNP18,CC,CC,CC,CC,CC,CC,CC,CC,CC,CC,CC,CC,CC,CC,CC,CC,CC,CC,CC,CC,CC,CC,CC,CC,CC,CC,CC,CC,CC,CC,CC,CC,CC,CC,CC,CC,CC,CC,CC,CC,CC,CC,CC,CC,CC,CC,CC,CC,--,AA
SNP19,CC,CC,CC,CC,CC,CC,CC,CC,CC,CC,CC,CC,CC,CC,CC,CC,CC,CC,CC,CC,CC,CC,CC,CC,CC,CC,CC,CC,CC,CC,CC,CC,CC,CC,CC,CC,CC,CC,CC,CC,CC,CC,CC,CC,CC,CC,CC,CC,AG,AG
SNP20,--,GG,--,GG,GG,GG,--,GG,--,--,--,--,--,--,--,--,--,--,--,--,--,--,--,--,--,--,--,--,--,--,--,--,--,--,--,--,--,--,--,--,--,--,--,--,--,--,--,--,AA,AA
SNP21,AA,GG,AA,GG,GG,GG,AA,GG,--,AA,AA,AA,--,--,AA,AA,--,AA,--,AA,AA,AA,--,AA,AA,AA,--,--,--,--,--,--,--,--,--,--,AA,--,AA,--,--,--,--,AA,--,AA,--,--,--,AA
SNP22,--,AA,--,AA,AA,AA,--,AA,--,--,--,--,--,--,--,--,--,--,--,--,--,--,--,--,--,--,--,--,--,--,--,--,--,--,--,--,--,--,--,--,--,--,--,--,--,--,--,--,--,CC
SNP23,--,GG,--,GG,GG,GG,--,GG,--,--,--,--,GG,--,--,--,--,--,GG,GG,--,--,--,--,--,--,--,--,--,--,--,--,--,--,--,--,--,--,--,--,--,--,--,--,--,--,--,--,--,CC
SNP24,GG,GG,GG,GG,GG,GG,GG,GG,GG,GG,GG,GG,GG,GG,GG,GG,GG,GG,GG,GG,GG,GG,GG,GG,GG,GG,GG,GG,GG,GG,GG,GG,GG,GG,GG,GG,GG,GG,GG,--,GG,GG,GG,GG,GG,GG,GG,GG,--,GG
SNP25,--,AA,--,AA,AA,AA,AC,AA,--,--,--,--,--,AC,--,AC,--,AC,--,--,--,AC,AC,--,AC,--,--,--,--,AC,--,--,AC,--,--,--,--,--,--,AC,--,--,--,--,--,--,--,--,--,GG
SNP26,--,GG,--,GG,GG,GG,--,GG,--,--,--,--,--,--,--,--,--,--,--,--,--,--,--,--,--,--,--,--,--,--,--,--,--,--,--,--,--,--,--,--,--,--,--,--,--,--,--,--,AA,AA
SNP27,--,GG,--,GG,GG,GG,AG,GG,--,--,AG,--,--,--,--,AG,--,AG,--,--,--,AG,--,--,--,--,--,--,AG,--,AG,--,--,AG,--,AG,--,--,--,--,--,--,--,--,--,--,--,--,--,GG
SNP28,--,AA,--,AA,AA,AA,--,AA,--,--,--,--,--,--,--,--,--,--,--,--,--,--,--,--,--,--,--,--,--,--,--,--,--,--,--,--,--,--,--,--,--,--,--,--,--,--,--,--,GG,GG
SNP29,AG,GG,AG,GG,GG,GG,AG,GG,AG,AG,AG,AG,AG,AG,AG,AG,AG,AG,AG,AG,AG,AG,AG,AG,--,AG,AG,AG,AG,AG,AG,AG,AG,AG,AG,AG,GG,--,AG,AG,AG,AG,AG,AG,AG,AG,AG,AG,GG,GG
SNP30,AG,GG,AG,GG,GG,GG,AG,GG,AG,AG,AG,--,AG,AG,AG,AG,AG,AG,AG,AG,AG,AG,AG,AG,AG,AG,AG,AG,AG,AG,AG,AG,AG,AG,AG,AG,AG,AG,AG,AG,AG,AG,AG,AG,AG,AG,AG,AG,--,AA
SNP31,AA,AA,AA,AA,AA,AA,AA,AA,AA,AA,AA,AA,AA,AA,AA,AA,AA,AA,AA,AA,AA,AA,AA,AA,AA,AA,AA,AA,AA,AA,AA,AA,AA,AA,AA,AA,--,AA,AA,AA,AA,AA,AA,AA,AA,AA,AA,AA,AA,AA
SNP32,GG,GG,GG,GG,GG,GG,GG,GG,GG,GG,GG,GG,GG,GG,GG,GG,GG,GG,GG,GG,GG,GG,GG,GG,GG,GG,GG,GG,GG,GG,GG,GG,GG,GG,GG,GG,GG,GG,GG,GG,GG,GG,GG,GG,GG,GG,GG,GG,--,GG
SNP33,CC,CC,CC,CC,CC,CC,CC,CC,CC,CC,CC,CC,CC,CC,CC,CC,CC,CC,CC,CC,CC,CC,CC,CC,CC,CC,CC,CC,CC,CC,CC,CC,CC,CC,CC,CC,CC,CC,CC,CC,CC,CC,CC,CC,CC,CC,CC,CC,AG,GG
SNP34,GG,AG,GG,AG,AG,AG,GG,AG,GG,GG,GG,GG,GG,GG,GG,GG,GG,GG,GG,GG,GG,GG,GG,GG,GG,GG,GG,GG,GG,GG,GG,GG,GG,GG,GG,GG,GG,GG,GG,GG,GG,GG,GG,GG,GG,GG,GG,GG,--,GG
SNP35,AA,AG,AA,AG,AG,AG,AA,AG,AA,AA,AA,--,AA,AA,AA,AA,AA,AA,AA,AA,AA,AA,AA,--,AA,AA,AA,AA,AA,AA,AA,AA,AA,AA,AA,AA,AA,AA,AA,AA,AA,AA,AA,AA,AA,AA,AA,AA,--,AA
SNP36,CC,AC,CC,AC,AC,AC,CC,AC,CC,CC,CC,CC,CC,CC,CC,CC,CC,CC,CC,CC,CC,CC,CC,CC,CC,CC,CC,CC,CC,CC,CC,CC,CC,CC,CC,CC,CC,CC,CC,CC,CC,CC,CC,CC,CC,CC,CC,CC,GG,GG
SNP37,--,--,--,--,--,--,--,--,--,--,--,--,--,--,--,--,--,--,--,--,--,--,--,--,--,--,--,--,--,--,--,--,--,--,--,--,--,--,--,--,--,--,--,--,--,--,--,--,AA,AG
SNP38,GG,GG,GG,GG,GG,GG,GG,GG,GG,GG,GG,--,--,--,--,GG,--,GG,--,GG,GG,--,--,--,GG,GG,GG,GG,GG,--,GG,GG,GG,GG,GG,--,GG,--,GG,GG,GG,GG,--,GG,--,--,GG,--,GG,--
SNP39,AA,AA,AA,AA,AA,AA,AA,AA,AA,AA,AA,--,AA,AA,AA,AA,AA,AA,AA,AA,AA,AA,--,--,AA,AA,AA,AA,AA,AA,AA,AA,AA,AA,AA,AA,--,AA,AA,--,AA,AA,--,AA,AA,AA,--,AA,--,AA
SNP40,--,CC,--,CC,CC,CC,--,CC,--,--,--,--,--,--,--,--,--,--,--,--,--,--,--,--,--,--,--,--,--,--,--,--,--,--,--,--,--,--,--,--,--,--,--,--,--,--,--,--,AA,AG
SNP41,AA,AG,AA,AG,AG,AG,AA,AG,AA,AA,AA,AA,AA,AA,AA,AA,AA,AA,AA,AA,AA,AA,AA,AA,AA,AA,AA,AA,AA,AA,AA,AA,AA,AA,AA,AA,AA,AA,AA,AA,AA,AA,AA,AA,AA,AA,AA,AA,AA,AA
SNP42,CC,CC,CC,CC,CC,CC,CC,CC,CC,CC,CC,CC,CC,CC,CC,CC,CC,CC,CC,CC,CC,CC,CC,CC,CC,CC,CC,CC,CC,CC,CC,CC,CC,CC,CC,CC,CC,CC,CC,CC,CC,CC,CC,CC,CC,CC,CC,CC,--,GG
SNP43,GG,AG,GG,AG,AG,AG,GG,AG,GG,GG,GG,GG,GG,GG,GG,GG,GG,GG,GG,GG,GG,GG,GG,GG,GG,GG,GG,GG,GG,GG,GG,GG,GG,GG,GG,GG,GG,GG,GG,GG,GG,GG,GG,GG,GG,GG,GG,GG,GG,AA
SNP44,--,CC,--,CC,CC,CC,--,CC,--,--,--,--,--,--,--,--,--,--,--,--,--,--,--,--,--,--,--,--,--,--,--,--,--,--,--,--,--,--,--,--,--,--,--,--,--,--,--,--,--,GG
SNP45,--,GG,--,GG,GG,GG,--,GG,--,--,--,--,GG,--,--,--,--,--,GG,GG,--,--,--,--,--,--,--,--,--,--,--,--,--,--,--,--,--,--,--,--,--,--,--,--,--,--,--,--,--,GG
SNP46,AG,AA,AG,AA,AA,AA,AG,AA,AG,AG,AG,AG,--,AG,--,--,AG,AG,AG,--,--,AG,AG,--,AG,AG,AG,--,--,AG,AG,AG,AG,AG,AG,AG,AG,AG,--,--,--,AG,AG,--,AG,AG,AG,AG,--,AA
SNP47,--,AA,--,AA,AA,AA,--,AA,--,--,--,--,--,--,--,--,AG,--,--,--,--,--,--,--,--,--,--,--,--,--,--,--,--,--,--,--,--,--,--,--,--,--,--,--,--,--,--,GG,GG,GG
SNP48,AA,AG,AA,AG,AG,AG,AA,AG,AA,AA,AA,AA,AA,AA,AA,AA,AA,AA,AA,AA,AA,AA,AA,AA,AA,AA,AA,AA,AA,AA,AA,AA,AA,AA,AA,AA,--,AA,AA,AA,AA,AA,AA,AA,AA,AA,AA,AA,AA,AA
SNP49,GG,GG,GG,GG,GG,GG,GG,GG,GG,GG,GG,GG,GG,GG,GG,GG,GG,GG,GG,GG,GG,GG,GG,GG,GG,GG,GG,GG,GG,GG,GG,GG,GG,GG,GG,GG,GG,GG,GG,GG,GG,GG,GG,GG,GG,GG,GG,GG,AA,AA
SNP50,GG,AA,GG,AA,AA,AA,GG,AA,GG,GG,GG,GG,GG,GG,GG,GG,GG,GG,GG,GG,GG,GG,GG,GG,GG,GG,GG,GG,GG,GG,GG,GG,GG,--,--,GG,GG,GG,GG,GG,GG,GG,GG,GG,GG,GG,GG,GG,--,AA
SNP51,--,GG,GG,GG,--,GG,--,--,--,--,--,--,--,--,--,--,--,--,--,--,--,--,--,--,--,--,--,--,--,--,--,--,--,--,--,--,--,--,--,--,--,--,--,--,--,--,--,--,--,--
SNP52,GG,GG,GG,GG,GG,GG,GG,GG,GG,GG,GG,GG,GG,GG,GG,GG,GG,GG,GG,GG,GG,GG,GG,GG,GG,GG,GG,GG,GG,GG,GG,GG,GG,GG,--,--,GG,--,GG,--,GG,GG,GG,GG,GG,--,GG,GG,GG,--
SNP53,AA,AA,AA,AA,AA,AA,AA,AA,AA,--,AA,AA,AA,AA,AA,AA,AA,AA,AA,AA,AA,--,AA,AA,AA,AA,AA,AA,AA,AA,AA,AA,AA,AA,AA,AA,AA,AA,AA,AA,AA,AA,AA,AA,AA,AA,AA,AA,AA,AA
SNP54,--,GG,GG,GG,--,GG,--,--,--,--,--,--,--,--,--,--,--,--,--,--,--,--,--,--,--,--,--,--,--,--,--,--,--,--,--,--,--,--,--,--,--,--,--,--,--,--,--,--,--,--
SNP55,--,AA,AA,AA,--,AA,--,--,--,--,--,--,--,--,--,--,--,--,--,--,--,--,--,--,--,--,--,--,--,--,--,--,--,--,--,--,--,--,--,--,--,--,--,--,--,--,--,--,--,--
SNP56,AA,AC,AC,AC,AA,AC,AA,AA,AA,AA,AA,AA,AA,AA,AA,AA,AA,AA,AA,AA,AA,AA,AA,AA,AA,AA,AA,AA,AA,AA,AA,AA,AA,AA,AA,AA,AA,AA,AA,AA,AA,AA,AA,AA,AA,AA,AA,AA,AA,AA
SNP57,CC,CC,CC,CC,CC,CC,CC,CC,CC,CC,CC,CC,CC,CC,CC,CC,CC,CC,CC,CC,CC,CC,--,CC,CC,CC,CC,CC,CC,CC,CC,CC,CC,CC,CC,CC,AC,AC,CC,AC,AC,AC,AC,AC,AC,AC,AC,AC,AC,AC
SNP58,AA,AA,AA,AA,AA,AA,AA,AA,AA,AA,AA,AA,AA,AA,AA,AA,AA,AA,AA,AA,AA,AA,AA,AA,AA,AA,AA,AA,AA,AA,AA,AA,AA,AA,AA,AA,AA,AA,AA,AA,AA,AA,AA,AA,AA,AA,AA,AA,AA,AA
SNP59,--,CC,CC,CC,--,CC,--,--,--,--,--,--,--,--,--,--,--,--,--,--,--,--,--,--,--,--,--,--,--,--,--,--,--,--,--,--,--,--,--,--,--,--,--,--,--,--,--,--,--,--
SNP60,--,GG,GG,GG,--,GG,--,--,--,--,--,--,--,--,--,--,--,--,--,--,--,--,--,--,--,--,--,--,--,--,--,--,--,--,--,--,--,--,--,--,--,--,--,--,--,--,--,--,--,--
SNP61,--,AA,AA,AA,--,AA,--,--,--,--,AA,--,--,--,--,--,AA,AA,--,--,--,--,--,--,--,--,--,--,--,--,--,--,--,--,--,--,--,--,AA,--,--,--,--,--,--,--,--,--,--,--
SNP62,--,GG,GG,GG,--,GG,--,--,--,--,--,--,--,--,--,--,--,--,--,--,--,--,--,--,--,--,--,--,--,--,--,--,--,--,--,--,--,--,--,--,--,--,--,--,--,--,--,--,--,--
SNP63,--,CC,CC,CC,--,CC,--,--,--,--,--,--,--,--,--,--,--,--,--,--,--,--,--,--,--,--,--,--,--,--,--,--,--,--,--,--,--,--,--,--,--,--,--,--,--,--,--,--,--,--
SNP64,AA,AC,AC,AC,AA,AC,AA,AA,AA,AA,AA,AA,AA,AA,AA,AA,AA,AA,AA,AA,AA,AA,AA,AA,--,--,AA,AA,AA,--,--,--,--,--,--,AA,AA,AA,AA,AA,AA,AA,AA,AA,AA,AA,AA,AA,AA,AA
SNP65,AA,AA,AA,AA,AA,AA,AA,AA,AA,AA,AA,AA,AA,AA,AA,AA,AA,AA,AA,AA,AA,AA,AA,AA,AA,AA,AA,AA,AA,AA,AA,AA,AA,AA,AA,AA,AA,AA,AA,AA,AA,AA,AA,AA,AA,AA,AA,AA,AA,AA
SNP66,GG,AG,AG,AG,GG,AG,GG,GG,GG,GG,GG,GG,GG,GG,GG,GG,GG,GG,GG,GG,GG,GG,GG,GG,GG,GG,GG,GG,GG,GG,GG,GG,GG,GG,GG,GG,GG,GG,GG,GG,GG,GG,GG,GG,GG,GG,GG,GG,GG,GG
SNP67,--,AA,AA,AA,--,AA,--,--,--,--,--,--,--,--,--,--,--,--,--,--,--,--,--,--,--,--,--,--,--,--,--,--,--,--,--,--,--,--,--,--,--,--,--,--,--,--,--,--,--,--
SNP68,AC,AA,AA,AA,AC,AA,AC,AC,AC,--,AC,--,AC,AC,AC,AC,--,AC,AC,AC,AC,--,CC,CC,CC,CC,CC,CC,CC,CC,CC,CC,CC,CC,--,AC,AC,AC,--,AC,AA,--,AC,--,AC,AC,AC,--,AC,AC
SNP69,AG,AG,AG,AG,AG,AG,AG,AG,AG,AG,AG,AG,AG,AG,AG,AG,AG,AG,AG,AG,AG,AG,AG,AG,AG,AG,AG,AG,AG,AG,AG,AG,AG,AG,GG,AG,AG,AG,AG,AG,AG,AG,AG,AG,AG,AG,AG,AG,AG,AG
SNP70,AA,AA,AA,AA,AA,AA,AA,AA,AA,AA,AA,AA,AA,AA,AA,AA,AA,AA,AA,AA,AA,AA,AA,AA,AA,AA,AA,AA,AA,AA,AA,AA,AA,AA,AA,AA,AA,AA,AA,AA,AA,AA,AA,AA,AA,AA,AA,AA,AA,AA
SNP71,--,AA,AA,AA,--,AA,--,--,--,--,CC,--,--,--,--,--,CC,CC,--,--,--,--,--,--,--,--,--,--,--,--,--,--,--,AC,CC,--,--,--,--,--,--,--,--,--,--,AC,--,--,--,AC
SNP72,--,CC,CC,CC,--,CC,--,--,--,--,--,--,--,--,--,--,--,--,--,--,--,--,--,--,--,--,--,--,--,--,--,--,--,--,--,--,--,--,--,--,--,--,--,--,--,--,--,--,--,--
SNP73,--,CC,CC,CC,--,CC,AC,--,--,--,--,--,--,--,--,AC,--,--,--,AC,AC,--,AC,--,--,AC,AC,AC,--,--,--,AC,--,AC,CC,--,--,--,--,--,--,--,--,--,--,--,--,--,--,--
SNP74,--,GG,GG,GG,--,GG,--,--,--,--,--,--,--,--,--,--,--,--,--,--,--,--,--,--,--,--,--,--,--,--,--,--,--,--,--,--,--,--,--,--,--,--,--,--,--,--,--,--,--,--
SNP75,GG,GG,GG,GG,GG,GG,GG,--,GG,GG,GG,GG,GG,GG,GG,GG,GG,GG,GG,GG,GG,GG,GG,GG,GG,GG,GG,GG,GG,GG,GG,GG,GG,GG,GG,--,GG,--,GG,GG,GG,--,GG,GG,GG,--,GG,GG,GG,--
SNP76,AA,AA,AA,AA,AA,AA,AA,AA,AA,AA,AA,AA,AA,AA,AA,AA,AA,AA,AA,AA,AA,AA,AA,AA,AA,AA,AA,AA,AA,AA,AA,AA,AA,AA,AA,AA,AA,AA,AA,AA,AA,AA,AA,AA,AA,AA,AA,AA,AA,AA
SNP77,--,GG,GG,GG,--,GG,--,--,--,--,--,--,--,--,--,--,--,--,--,--,--,--,--,--,--,--,--,--,--,--,--,--,--,--,--,--,--,--,--,--,--,--,--,--,--,--,--,--,--,--
SNP78,GG,GG,GG,GG,GG,GG,GG,GG,GG,GG,GG,GG,GG,GG,GG,GG,GG,GG,GG,GG,GG,GG,GG,GG,GG,GG,GG,GG,GG,GG,GG,GG,GG,GG,GG,GG,GG,GG,GG,GG,GG,GG,GG,GG,GG,GG,GG,GG,GG,GG
SNP79,GG,GG,GG,GG,GG,GG,GG,GG,GG,GG,GG,GG,GG,GG,GG,GG,GG,GG,GG,GG,GG,GG,GG,GG,GG,GG,GG,GG,GG,GG,GG,GG,GG,GG,GG,GG,GG,GG,GG,GG,GG,GG,GG,GG,GG,GG,GG,GG,GG,GG
SNP80,--,AA,AA,AA,--,AA,--,--,--,--,AA,--,--,--,--,--,AA,AA,--,--,--,--,--,--,--,--,--,--,--,AG,AG,--,--,--,--,--,--,--,--,--,--,--,--,--,AG,--,--,--,AG,--
SNP81,AA,AA,AA,AA,AA,AA,AA,AA,AA,AA,AA,AA,AA,AA,AA,AA,AA,AA,AA,AA,AA,AA,AA,AA,AA,AA,AA,AA,AA,AA,AA,AA,AA,AA,AG,AA,AA,AA,AA,AA,AA,AA,AA,AA,AA,AA,AA,AA,AA,AA
SNP82,--,GG,GG,GG,--,GG,--,--,--,--,--,--,--,--,--,--,--,--,--,--,--,--,--,--,--,--,--,--,--,--,--,--,--,--,--,--,--,--,--,--,--,--,--,--,--,--,--,--,--,--
SNP83,AG,GG,GG,GG,--,GG,AG,AG,AG,--,AG,AG,AG,AG,AG,AG,AG,AG,AG,AG,AG,AG,AG,AG,AG,AG,AG,AG,AG,AG,AG,AG,AG,AG,AG,AG,AG,AG,AG,AG,AG,AG,AG,AG,AG,AG,AG,AG,AG,AG
SNP84,--,GG,GG,GG,--,GG,--,--,--,--,--,--,--,--,--,--,--,--,--,--,--,--,GG,--,--,GG,GG,--,--,--,--,--,--,--,GG,GG,--,GG,--,GG,GG,GG,GG,GG,GG,GG,GG,GG,GG,GG
SNP85,--,AA,AA,AA,--,AA,--,--,--,--,--,--,--,--,--,--,--,--,--,--,--,--,--,--,--,--,--,--,--,--,--,--,--,--,--,--,--,--,--,--,--,--,--,--,--,--,--,--,--,--
SNP86,GG,GG,GG,GG,GG,GG,GG,GG,GG,GG,GG,GG,GG,GG,GG,GG,GG,GG,GG,GG,GG,GG,GG,GG,GG,GG,GG,GG,GG,GG,GG,GG,GG,GG,GG,GG,GG,GG,GG,GG,GG,GG,GG,GG,GG,GG,GG,GG,GG,GG
SNP87,AA,AG,AG,AG,AA,AG,AA,AA,AA,AA,AA,AA,AA,AA,AA,AA,AA,AA,AA,AA,AA,AA,AA,AA,AA,AA,AA,AA,AA,AA,AA,AA,AA,AA,AA,AA,AA,AA,AA,AA,AA,AA,AA,AA,AA,AA,AA,AA,AA,AA
SNP88,GG,GG,GG,GG,GG,--,GG,GG,GG,GG,GG,GG,GG,GG,GG,GG,GG,--,GG,GG,GG,GG,GG,GG,GG,GG,GG,GG,GG,GG,GG,GG,GG,GG,GG,GG,GG,GG,GG,GG,GG,GG,GG,GG,GG,GG,GG,GG,GG,GG
SNP89,--,AA,AA,--,--,AA,--,--,--,--,--,--,--,--,--,--,--,--,--,--,--,--,--,--,--,--,--,--,--,--,--,--,--,--,--,--,--,--,--,--,--,--,--,--,--,--,--,--,--,--
SNP90,AA,AG,AG,AG,AA,AG,AA,AA,AA,AA,AA,AA,AA,AA,AA,AA,AA,AA,AA,AA,AA,AA,AA,AA,AA,AA,AA,AA,AA,AA,AA,AA,AA,AA,AA,AA,AA,AA,AA,AA,AA,AA,AA,AA,AA,AA,AA,AA,AA,AA
SNP91,AA,AA,AA,AA,AA,AA,AA,AA,AA,--,AA,AA,AA,AA,AA,AA,AA,AA,AA,AA,AA,AA,AA,AA,AA,AA,AA,AA,AA,AA,AA,AA,AA,AA,--,AA,AA,AA,AA,AA,AA,AA,AA,AA,AA,AA,AA,AA,AA,AA
SNP92,--,GG,GG,GG,--,GG,--,--,--,--,--,--,--,--,--,--,--,--,--,--,--,--,--,--,--,--,--,--,--,--,--,--,--,--,--,--,--,--,--,--,--,--,--,--,--,--,--,--,--,--
SNP93,GG,AA,AA,AA,GG,AA,GG,GG,GG,GG,GG,GG,GG,GG,GG,GG,GG,GG,GG,GG,GG,GG,GG,GG,GG,GG,GG,GG,GG,GG,GG,GG,GG,GG,GG,GG,GG,GG,GG,GG,GG,GG,GG,GG,GG,GG,GG,GG,GG,GG
SNP94,--,GG,GG,GG,--,GG,--,--,--,--,--,--,--,--,--,--,--,--,--,--,--,--,--,--,--,--,--,--,--,--,--,--,--,--,--,--,--,--,--,--,--,--,--,--,--,--,--,--,--,--
SNP95,--,GG,GG,GG,--,GG,--,--,--,--,--,--,--,AG,--,--,--,--,--,--,--,--,--,--,--,--,AG,AG,--,--,AG,--,--,--,--,--,--,--,--,--,--,--,--,AG,--,--,--,AG,--,--
SNP96,--,AA,AA,AA,--,AA,--,AG,--,--,--,--,--,--,AG,AG,--,--,--,AG,--,AG,--,--,--,--,AG,--,--,--,AG,AG,--,AG,--,--,--,--,--,--,--,--,--,--,--,--,--,--,--,--
SNP97,GG,GG,GG,GG,GG,GG,GG,GG,GG,GG,GG,GG,GG,GG,GG,GG,GG,GG,GG,GG,GG,GG,GG,GG,GG,GG,GG,GG,GG,GG,GG,GG,GG,GG,GG,GG,GG,GG,GG,GG,GG,GG,GG,GG,GG,GG,GG,GG,GG,GG
SNP98,AA,AA,AA,AA,AA,AA,AA,AA,AA,AA,AA,AA,AA,AA,AA,AA,AA,AA,AA,AA,AA,AA,AA,AA,AA,AA,AA,AA,AA,AA,AA,AA,AA,AA,AA,AA,AA,AA,AA,AA,AA,AA,AA,AA,AA,AA,AA,AA,AA,AA
SNP99,AA,AA,AA,AA,AA,AA,AA,AA,AA,AA,AA,AA,AA,AA,AA,AA,AA,AA,AA,AA,AA,AA,AA,AA,AA,AA,AA,AA,AA,AA,AA,AA,AA,AA,AA,AA,AA,AA,AA,AA,AA,AA,AA,AA,AA,AA,AA,AA,AA,AA
SNP100,--,AA,AA,AA,--,AA,--,--,--,--,--,--,--,--,--,--,--,--,--,--,--,--,--,--,--,--,--,--,--,--,--,--,--,--,--,--,--,--,--,--,--,--,--,--,--,--,--,--,--,--
